LocationID;Zone;Zone_Lat;Zone_Lon;borough_ID;Borough;borough_lat;borough_lon;borough_boundingbox
1;Newark Airport;40.735657;-74.172363;1.0;EWR;40.68906405;-74.17725485035348;['40.6701316', '40.7081477', '-74.1920592', '-74.1532317']
2;Jamaica Bay;40.617778;-73.8425;2.0;Queens;40.7498243;-73.7976337;['40.5419011', '40.8009249', '-73.9626879', '-73.7001809']
3;Allerton/Pelham Gardens;40.861;-73.845;3.0;Bronx;40.8466508;-73.8785937;['40.7853712', '40.9152598', '-73.9336575', '-73.7653293']
4;Alphabet City;40.724545;-73.97905;4.0;Manhattan;40.7896239;-73.9598939;['40.6839411', '40.8804489', '-74.0472219', '-73.9061585']
5;Arden Heights;40.54928582278321;-74.18588674583894;5.0;Staten Island;40.5834557;-74.1496048;['40.4960342', '40.6488941', '-74.2556782', '-74.0492521']
6;Arrochar/Fort Wadsworth;40.592664296;-74.06999972;5.0;Staten Island;40.5834557;-74.1496048;['40.4960342', '40.6488941', '-74.2556782', '-74.0492521']
7;Astoria;40.76850859335492;-73.91565374304234;2.0;Queens;40.7498243;-73.7976337;['40.5419011', '40.8009249', '-73.9626879', '-73.7001809']
8;Astoria Park;40.775679;-73.926058;2.0;Queens;40.7498243;-73.7976337;['40.5419011', '40.8009249', '-73.9626879', '-73.7001809']
9;Auburndale;40.761729549032616;-73.79176243728061;2.0;Queens;40.7498243;-73.7976337;['40.5419011', '40.8009249', '-73.9626879', '-73.7001809']
10;Baisley Park;40.6737751;-73.786025;2.0;Queens;40.7498243;-73.7976337;['40.5419011', '40.8009249', '-73.9626879', '-73.7001809']
11;Bath Beach;40.59951870282239;-73.99875221443519;6.0;Brooklyn;40.6501038;-73.9495823;['40.5700235', '40.7394026', '-74.0419691', '-73.8556336']
12;Battery Park;40.703717;-74.016094;4.0;Manhattan;40.7896239;-73.9598939;['40.6839411', '40.8804489', '-74.0472219', '-73.9061585']
13;Battery Park City;40.71193198394565;-74.01686930508617;4.0;Manhattan;40.7896239;-73.9598939;['40.6839411', '40.8804489', '-74.0472219', '-73.9061585']
14;Bay Ridge;40.625801065010656;-74.03062069353813;6.0;Brooklyn;40.6501038;-73.9495823;['40.5700235', '40.7394026', '-74.0419691', '-73.8556336']
15;Bay Terrace/Fort Totten;40.7885468458;-73.7723135774;2.0;Queens;40.7498243;-73.7976337;['40.5419011', '40.8009249', '-73.9626879', '-73.7001809']
16;Bayside;40.76604063281064;-73.77427363068671;2.0;Queens;40.7498243;-73.7976337;['40.5419011', '40.8009249', '-73.9626879', '-73.7001809']
17;Bedford;40.694715;-73.956295;6.0;Brooklyn;40.6501038;-73.9495823;['40.5700235', '40.7394026', '-74.0419691', '-73.8556336']
18;Bedford Park;40.870185164975325;-73.8855121841913;3.0;Bronx;40.8466508;-73.8785937;['40.7853712', '40.9152598', '-73.9336575', '-73.7653293']
19;Bellerose;40.72857318176675;-73.72012814826904;2.0;Queens;40.7498243;-73.7976337;['40.5419011', '40.8009249', '-73.9626879', '-73.7001809']
20;Belmont;40.85727710073896;-73.88845196134805;3.0;Bronx;40.8466508;-73.8785937;['40.7853712', '40.9152598', '-73.9336575', '-73.7653293']
21;Bensonhurst East;40.603299;-74.001975;6.0;Brooklyn;40.6501038;-73.9495823;['40.5700235', '40.7394026', '-74.0419691', '-73.8556336']
22;Bensonhurst West;40.603299;-74.000975;6.0;Brooklyn;40.6501038;-73.9495823;['40.5700235', '40.7394026', '-74.0419691', '-73.8556336']
23;Bloomfield/Emerson Hill;40.60577868452358;-74.18725638381567;5.0;Staten Island;40.5834557;-74.1496048;['40.4960342', '40.6488941', '-74.2556782', '-74.0492521']
24;Bloomingdale;40.798576;-73.968918;4.0;Manhattan;40.7896239;-73.9598939;['40.6839411', '40.8804489', '-74.0472219', '-73.9061585']
25;Boerum Hill;40.68568291209144;-73.98374824115798;6.0;Brooklyn;40.6501038;-73.9495823;['40.5700235', '40.7394026', '-74.0419691', '-73.8556336']
26;Borough Park;40.633130512758015;-73.99049823044811;6.0;Brooklyn;40.6501038;-73.9495823;['40.5700235', '40.7394026', '-74.0419691', '-73.8556336']
27;Breezy Point/Fort Tilden/Riis Beach;40.55740128845452;-73.92551196994168;2.0;Queens;40.7498243;-73.7976337;['40.5419011', '40.8009249', '-73.9626879', '-73.7001809']
28;Briarwood/Jamaica Hills;40.71093547252271;-73.81174822458634;2.0;Queens;40.7498243;-73.7976337;['40.5419011', '40.8009249', '-73.9626879', '-73.7001809']
29;Brighton Beach;40.57682506566604;-73.96509448785335;6.0;Brooklyn;40.6501038;-73.9495823;['40.5700235', '40.7394026', '-74.0419691', '-73.8556336']
30;Broad Channel;40.60302658351238;-73.8200548911032;2.0;Queens;40.7498243;-73.7976337;['40.5419011', '40.8009249', '-73.9626879', '-73.7001809']
31;Bronx Park;40.856389;-73.876667;3.0;Bronx;40.8466508;-73.8785937;['40.7853712', '40.9152598', '-73.9336575', '-73.7653293']
32;Bronxdale;40.85272297633017;-73.86172577555115;3.0;Bronx;40.8466508;-73.8785937;['40.7853712', '40.9152598', '-73.9336575', '-73.7653293']
33;Brooklyn Heights;40.69586372272408;-73.99378225496423;6.0;Brooklyn;40.6501038;-73.9495823;['40.5700235', '40.7394026', '-74.0419691', '-73.8556336']
34;Brooklyn Navy Yard;40.701944;-73.968889;6.0;Brooklyn;40.6501038;-73.9495823;['40.5700235', '40.7394026', '-74.0419691', '-73.8556336']
35;Brownsville;40.66394994339755;-73.91023536176606;6.0;Brooklyn;40.6501038;-73.9495823;['40.5700235', '40.7394026', '-74.0419691', '-73.8556336']
36;Bushwick North;40.69711611;-73.9252579;6.0;Brooklyn;40.6501038;-73.9495823;['40.5700235', '40.7394026', '-74.0419691', '-73.8556336']
37;Bushwick South;40.69811611;-73.9252579;6.0;Brooklyn;40.6501038;-73.9495823;['40.5700235', '40.7394026', '-74.0419691', '-73.8556336']
38;Cambria Heights;40.69277463916085;-73.73526873708028;2.0;Queens;40.7498243;-73.7976337;['40.5419011', '40.8009249', '-73.9626879', '-73.7001809']
39;Canarsie;40.63556432797428;-73.90209269778966;6.0;Brooklyn;40.6501038;-73.9495823;['40.5700235', '40.7394026', '-74.0419691', '-73.8556336']
40;Carroll Gardens;40.68054023107649;-73.99465372828006;6.0;Brooklyn;40.6501038;-73.9495823;['40.5700235', '40.7394026', '-74.0419691', '-73.8556336']
41;Central Harlem;40.810306;-73.947456;4.0;Manhattan;40.7896239;-73.9598939;['40.6839411', '40.8804489', '-74.0472219', '-73.9061585']
42;Central Harlem North;40.814103;-73.947456;4.0;Manhattan;40.7896239;-73.9598939;['40.6839411', '40.8804489', '-74.0472219', '-73.9061585']
43;Central Park;40.785090999999994;-73.968285;4.0;Manhattan;40.7896239;-73.9598939;['40.6839411', '40.8804489', '-74.0472219', '-73.9061585']
44;Charleston/Tottenville;40.53053148;-74.23215775;5.0;Staten Island;40.5834557;-74.1496048;['40.4960342', '40.6488941', '-74.2556782', '-74.0492521']
45;Chinatown;40.71561842231432;-73.99427936255978;4.0;Manhattan;40.7896239;-73.9598939;['40.6839411', '40.8804489', '-74.0472219', '-73.9061585']
46;City Island;40.847246704918135;-73.78648845267412;3.0;Bronx;40.8466508;-73.8785937;['40.7853712', '40.9152598', '-73.9336575', '-73.7653293']
47;Claremont/Bathgate;40.83142834161;-73.9011990338;3.0;Bronx;40.8466508;-73.8785937;['40.7853712', '40.9152598', '-73.9336575', '-73.7653293']
48;Clinton East;40.763000000000005;-73.992;4.0;Manhattan;40.7896239;-73.9598939;['40.6839411', '40.8804489', '-74.0472219', '-73.9061585']
49;Clinton Hill;40.69322942188151;-73.96784306216367;6.0;Brooklyn;40.6501038;-73.9495823;['40.5700235', '40.7394026', '-74.0419691', '-73.8556336']
50;Clinton West;40.763000000000005;-73.993;4.0;Manhattan;40.7896239;-73.9598939;['40.6839411', '40.8804489', '-74.0472219', '-73.9061585']
51;Co-Op City;40.874;-73.829;3.0;Bronx;40.8466508;-73.8785937;['40.7853712', '40.9152598', '-73.9336575', '-73.7653293']
52;Cobble Hill;40.687919722485574;-73.99856139218463;6.0;Brooklyn;40.6501038;-73.9495823;['40.5700235', '40.7394026', '-74.0419691', '-73.8556336']
53;College Point;40.78490274926021;-73.84304528896125;2.0;Queens;40.7498243;-73.7976337;['40.5419011', '40.8009249', '-73.9626879', '-73.7001809']
54;Columbia Street;40.6855617;-74.00216759999999;6.0;Brooklyn;40.6501038;-73.9495823;['40.5700235', '40.7394026', '-74.0419691', '-73.8556336']
55;Coney Island;40.57429256471601;-73.98868295821637;6.0;Brooklyn;40.6501038;-73.9495823;['40.5700235', '40.7394026', '-74.0419691', '-73.8556336']
56;Corona;40.74238175015667;-73.85682497345258;2.0;Queens;40.7498243;-73.7976337;['40.5419011', '40.8009249', '-73.9626879', '-73.7001809']
57;Corona;40.74238175015667;-73.85682497345258;2.0;Queens;40.7498243;-73.7976337;['40.5419011', '40.8009249', '-73.9626879', '-73.7001809']
58;Country Club;40.844245936947374;-73.8240992675385;3.0;Bronx;40.8466508;-73.8785937;['40.7853712', '40.9152598', '-73.9336575', '-73.7653293']
59;Crotona Park;40.8388;-73.8952;3.0;Bronx;40.8466508;-73.8785937;['40.7853712', '40.9152598', '-73.9336575', '-73.7653293']
60;Crotona Park East;40.8388;-73.8942;3.0;Bronx;40.8466508;-73.8785937;['40.7853712', '40.9152598', '-73.9336575', '-73.7653293']
61;Crown Heights North;40.670829176;-73.9432911907;6.0;Brooklyn;40.6501038;-73.9495823;['40.5700235', '40.7394026', '-74.0419691', '-73.8556336']
62;Crown Heights South;40.671829175999996;-73.9432911907;6.0;Brooklyn;40.6501038;-73.9495823;['40.5700235', '40.7394026', '-74.0419691', '-73.8556336']
63;Cypress Hills;40.68239101144211;-73.87661596457295;6.0;Brooklyn;40.6501038;-73.9495823;['40.5700235', '40.7394026', '-74.0419691', '-73.8556336']
64;Douglaston;40.76684609790763;-73.74249820727329;2.0;Queens;40.7498243;-73.7976337;['40.5419011', '40.8009249', '-73.9626879', '-73.7001809']
65;Downtown Brooklyn/MetroTech;40.69368060000001;-73.9872333;6.0;Brooklyn;40.6501038;-73.9495823;['40.5700235', '40.7394026', '-74.0419691', '-73.8556336']
66;DUMBO/Vinegar Hill;40.70332149;-73.981116035;6.0;Brooklyn;40.6501038;-73.9495823;['40.5700235', '40.7394026', '-74.0419691', '-73.8556336']
67;Dyker Heights;40.61921945772264;-74.01931375636022;6.0;Brooklyn;40.6501038;-73.9495823;['40.5700235', '40.7394026', '-74.0419691', '-73.8556336']
68;East Chelsea;40.744034706;-74.003116334;4.0;Manhattan;40.7896239;-73.9598939;['40.6839411', '40.8804489', '-74.0472219', '-73.9061585']
69;East Concourse/Concourse Village;40.8247804908;-73.9158465275;3.0;Bronx;40.8466508;-73.8785937;['40.7853712', '40.9152598', '-73.9336575', '-73.7653293']
70;East Elmhurst;40.7640732388309;-73.86704147658772;2.0;Queens;40.7498243;-73.7976337;['40.5419011', '40.8009249', '-73.9626879', '-73.7001809']
71;East Flatbush/Farragut;40.6363258902;-73.958401065;6.0;Brooklyn;40.6501038;-73.9495823;['40.5700235', '40.7394026', '-74.0419691', '-73.8556336']
72;East Flatbush/Remsen Village;40.63632589;-73.95840106;6.0;Brooklyn;40.6501038;-73.9495823;['40.5700235', '40.7394026', '-74.0419691', '-73.8556336']
73;East Flushing;40.764454195999996;-73.831773003;2.0;Queens;40.7498243;-73.7976337;['40.5419011', '40.8009249', '-73.9626879', '-73.7001809']
74;East Harlem North;40.792249466;-73.944182231;4.0;Manhattan;40.7896239;-73.9598939;['40.6839411', '40.8804489', '-74.0472219', '-73.9061585']
75;East Harlem South;40.793249466;-73.944182231;4.0;Manhattan;40.7896239;-73.9598939;['40.6839411', '40.8804489', '-74.0472219', '-73.9061585']
76;East New York;40.669925700847045;-73.88069863917366;6.0;Brooklyn;40.6501038;-73.9495823;['40.5700235', '40.7394026', '-74.0419691', '-73.8556336']
77;East New York/Pennsylvania Avenue;40.668925705;-73.88079863917366;6.0;Brooklyn;40.6501038;-73.9495823;['40.5700235', '40.7394026', '-74.0419691', '-73.8556336']
78;East Tremont;40.84269615786053;-73.88735617532338;3.0;Bronx;40.8466508;-73.8785937;['40.7853712', '40.9152598', '-73.9336575', '-73.7653293']
79;East Village;40.727846777270244;-73.98222616506415;4.0;Manhattan;40.7896239;-73.9598939;['40.6839411', '40.8804489', '-74.0472219', '-73.9061585']
80;East Williamsburg;40.70849241041548;-73.93885815269195;6.0;Brooklyn;40.6501038;-73.9495823;['40.5700235', '40.7394026', '-74.0419691', '-73.8556336']
81;Eastchester;40.887555677350775;-73.82780644716412;3.0;Bronx;40.8466508;-73.8785937;['40.7853712', '40.9152598', '-73.9336575', '-73.7653293']
82;Elmhurst;40.744048505122024;-73.88165622288388;2.0;Queens;40.7498243;-73.7976337;['40.5419011', '40.8009249', '-73.9626879', '-73.7001809']
83;Elmhurst/Maspeth;40.725427374;-73.896217136;2.0;Queens;40.7498243;-73.7976337;['40.5419011', '40.8009249', '-73.9626879', '-73.7001809']
84;Eltingville/Annadale/Prince's Bay;40.5422307474;-74.164330804;5.0;Staten Island;40.5834557;-74.1496048;['40.4960342', '40.6488941', '-74.2556782', '-74.0492521']
85;Erasmus;40.64692606658579;-73.94817709920184;6.0;Brooklyn;40.6501038;-73.9495823;['40.5700235', '40.7394026', '-74.0419691', '-73.8556336']
86;Far Rockaway;40.603134432500894;-73.75497968043872;2.0;Queens;40.7498243;-73.7976337;['40.5419011', '40.8009249', '-73.9626879', '-73.7001809']
87;Financial District North;40.707107107;-74.010665445;4.0;Manhattan;40.7896239;-73.9598939;['40.6839411', '40.8804489', '-74.0472219', '-73.9061585']
88;Financial District South;40.715107107;-74.010665445;4.0;Manhattan;40.7896239;-73.9598939;['40.6839411', '40.8804489', '-74.0472219', '-73.9061585']
89;Flatbush/Ditmas Park;40.64367518334;-73.9610131246;6.0;Brooklyn;40.6501038;-73.9495823;['40.5700235', '40.7394026', '-74.0419691', '-73.8556336']
90;Flatiron;40.73967304763842;-73.99094710528259;4.0;Manhattan;40.7896239;-73.9598939;['40.6839411', '40.8804489', '-74.0472219', '-73.9061585']
91;Flatlands;40.630446043757466;-73.92911302644673;6.0;Brooklyn;40.6501038;-73.9495823;['40.5700235', '40.7394026', '-74.0419691', '-73.8556336']
92;Flushing;40.76445419697846;-73.83177300329581;2.0;Queens;40.7498243;-73.7976337;['40.5419011', '40.8009249', '-73.9626879', '-73.7001809']
93;Flushing Meadows-Corona Park;40.739715999999994;-73.84078199999999;2.0;Queens;40.7498243;-73.7976337;['40.5419011', '40.8009249', '-73.9626879', '-73.7001809']
94;Fordham South;40.86099679;-73.89642655899999;3.0;Bronx;40.8466508;-73.8785937;['40.7853712', '40.9152598', '-73.9336575', '-73.7653293']
95;Forest Hills;40.72526378216503;-73.84447500788983;2.0;Queens;40.7498243;-73.7976337;['40.5419011', '40.8009249', '-73.9626879', '-73.7001809']
96;Forest Park/Highland Park;40.68199893;-73.8903457;2.0;Queens;40.7498243;-73.7976337;['40.5419011', '40.8009249', '-73.9626879', '-73.7001809']
97;Fort Greene;40.68852726018977;-73.97290574369092;6.0;Brooklyn;40.6501038;-73.9495823;['40.5700235', '40.7394026', '-74.0419691', '-73.8556336']
98;Fresh Meadows;40.7343944653313;-73.78271337003264;2.0;Queens;40.7498243;-73.7976337;['40.5419011', '40.8009249', '-73.9626879', '-73.7001809']
99;Freshkills Park;40.580999999999996;-74.189;5.0;Staten Island;40.5834557;-74.1496048;['40.4960342', '40.6488941', '-74.2556782', '-74.0492521']
100;Garment District;40.7535;-73.9888;4.0;Manhattan;40.7896239;-73.9598939;['40.6839411', '40.8804489', '-74.0472219', '-73.9061585']
101;Glen Oaks;40.74944079974332;-73.71548118999145;2.0;Queens;40.7498243;-73.7976337;['40.5419011', '40.8009249', '-73.9626879', '-73.7001809']
102;Glendale;40.70276242967838;-73.87074167435605;2.0;Queens;40.7498243;-73.7976337;['40.5419011', '40.8009249', '-73.9626879', '-73.7001809']
103;Governor's Island/Ellis Island/Liberty Island;40.688889;-74.044444;4.0;Manhattan;40.7896239;-73.9598939;['40.6839411', '40.8804489', '-74.0472219', '-73.9061585']
104;Governor's Island/Ellis Island/Liberty Island;40.688889;-74.044444;4.0;Manhattan;40.7896239;-73.9598939;['40.6839411', '40.8804489', '-74.0472219', '-73.9061585']
105;Governor's Island/Ellis Island/Liberty Island;40.688889;-74.044444;4.0;Manhattan;40.7896239;-73.9598939;['40.6839411', '40.8804489', '-74.0472219', '-73.9061585']
106;Gowanus;40.67393114318715;-73.99444087145339;6.0;Brooklyn;40.6501038;-73.9495823;['40.5700235', '40.7394026', '-74.0419691', '-73.8556336']
107;Gramercy;40.737209832715;-73.98137594833541;4.0;Manhattan;40.7896239;-73.9598939;['40.6839411', '40.8804489', '-74.0472219', '-73.9061585']
108;Gravesend;40.59526001306593;-73.97347087708445;6.0;Brooklyn;40.6501038;-73.9495823;['40.5700235', '40.7394026', '-74.0419691', '-73.8556336']
109;Great Kills;40.549480228713605;-74.14932381490992;5.0;Staten Island;40.5834557;-74.1496048;['40.4960342', '40.6488941', '-74.2556782', '-74.0492521']
110;Great Kills Park;40.54958022;-74.1493238;5.0;Staten Island;40.5834557;-74.1496048;['40.4960342', '40.6488941', '-74.2556782', '-74.0492521']
111;Green-Wood Cemetery;40.6525;-73.991111;6.0;Brooklyn;40.6501038;-73.9495823;['40.5700235', '40.7394026', '-74.0419691', '-73.8556336']
112;Greenpoint;40.7302009848647;-73.95424093127394;6.0;Brooklyn;40.6501038;-73.9495823;['40.5700235', '40.7394026', '-74.0419691', '-73.8556336']
113;Greenwich Village North;40.72693288536;-73.999914029;4.0;Manhattan;40.7896239;-73.9598939;['40.6839411', '40.8804489', '-74.0472219', '-73.9061585']
114;Greenwich Village South;40.73693288536;-73.999914029;4.0;Manhattan;40.7896239;-73.9598939;['40.6839411', '40.8804489', '-74.0472219', '-73.9061585']
115;Grymes Hill/Clifton;40.61917845;-74.0726424;5.0;Staten Island;40.5834557;-74.1496048;['40.4960342', '40.6488941', '-74.2556782', '-74.0492521']
116;Hamilton Heights;40.823604284811935;-73.94968791883366;4.0;Manhattan;40.7896239;-73.9598939;['40.6839411', '40.8804489', '-74.0472219', '-73.9061585']
117;Hammels/Arverne;40.58733774;-73.80553002;2.0;Queens;40.7498243;-73.7976337;['40.5419011', '40.8009249', '-73.9626879', '-73.7001809']
118;Heartland Village/Todt Hill;40.589138948;-74.15902208156;5.0;Staten Island;40.5834557;-74.1496048;['40.4960342', '40.6488941', '-74.2556782', '-74.0492521']
119;Highbridge;40.8366230107;-73.926102093;3.0;Bronx;40.8466508;-73.8785937;['40.7853712', '40.9152598', '-73.9336575', '-73.7653293']
120;Highbridge Park;40.836999999999996;-73.929;4.0;Manhattan;40.7896239;-73.9598939;['40.6839411', '40.8804489', '-74.0472219', '-73.9061585']
121;Hillcrest/Pomonok;40.7238249018;-73.79760300000001;2.0;Queens;40.7498243;-73.7976337;['40.5419011', '40.8009249', '-73.9626879', '-73.7001809']
122;Hollis;40.71124344191904;-73.75925009335594;2.0;Queens;40.7498243;-73.7976337;['40.5419011', '40.8009249', '-73.9626879', '-73.7001809']
123;Homecrest;40.598525095137255;-73.95918459428701;6.0;Brooklyn;40.6501038;-73.9495823;['40.5700235', '40.7394026', '-74.0419691', '-73.8556336']
124;Howard Beach;40.65422527738487;-73.83813764600279;2.0;Queens;40.7498243;-73.7976337;['40.5419011', '40.8009249', '-73.9626879', '-73.7001809']
125;Hudson Sq;40.726675;-74.007422;4.0;Manhattan;40.7896239;-73.9598939;['40.6839411', '40.8804489', '-74.0472219', '-73.9061585']
126;Hunts Point;40.80972987938709;-73.88331505955291;3.0;Bronx;40.8466508;-73.8785937;['40.7853712', '40.9152598', '-73.9336575', '-73.7653293']
127;Inwood;40.86768396449915;-73.92121042203897;4.0;Manhattan;40.7896239;-73.9598939;['40.6839411', '40.8804489', '-74.0472219', '-73.9061585']
128;Inwood Hill Park;40.867444;-73.921509;4.0;Manhattan;40.7896239;-73.9598939;['40.6839411', '40.8804489', '-74.0472219', '-73.9061585']
129;Jackson Heights;40.75198138007367;-73.88282109164366;2.0;Queens;40.7498243;-73.7976337;['40.5419011', '40.8009249', '-73.9626879', '-73.7001809']
130;Jamaica;40.69149;-73.80569;2.0;Queens;40.7498243;-73.7976337;['40.5419011', '40.8009249', '-73.9626879', '-73.7001809']
131;Jamaica Estates;40.71680483014613;-73.7872269693666;2.0;Queens;40.7498243;-73.7976337;['40.5419011', '40.8009249', '-73.9626879', '-73.7001809']
132;JFK Airport;40.641766;-73.780968;2.0;Queens;40.7498243;-73.7976337;['40.5419011', '40.8009249', '-73.9626879', '-73.7001809']
133;Kensington;40.64238195800353;-73.98042110559473;6.0;Brooklyn;40.6501038;-73.9495823;['40.5700235', '40.7394026', '-74.0419691', '-73.8556336']
134;Kew Gardens;40.705179035414794;-73.82981905825703;2.0;Queens;40.7498243;-73.7976337;['40.5419011', '40.8009249', '-73.9626879', '-73.7001809']
135;Kew Gardens Hills;40.722578244228046;-73.82087764933566;2.0;Queens;40.7498243;-73.7976337;['40.5419011', '40.8009249', '-73.9626879', '-73.7001809']
136;Kingsbridge Heights;40.870392391414704;-73.90152264513144;3.0;Bronx;40.8466508;-73.8785937;['40.7853712', '40.9152598', '-73.9336575', '-73.7653293']
137;Kips Bay;40.742329;-73.980064;4.0;Manhattan;40.7896239;-73.9598939;['40.6839411', '40.8804489', '-74.0472219', '-73.9061585']
138;LaGuardia Airport;40.775;-73.875;2.0;Queens;40.7498243;-73.7976337;['40.5419011', '40.8009249', '-73.9626879', '-73.7001809']
139;Laurelton;40.66788389660247;-73.74025607989822;2.0;Queens;40.7498243;-73.7976337;['40.5419011', '40.8009249', '-73.9626879', '-73.7001809']
140;Lenox Hill East;40.769;-73.962;4.0;Manhattan;40.7896239;-73.9598939;['40.6839411', '40.8804489', '-74.0472219', '-73.9061585']
141;Lenox Hill West;40.769;-74.000001;4.0;Manhattan;40.7896239;-73.9598939;['40.6839411', '40.8804489', '-74.0472219', '-73.9061585']
142;Lincoln Square East;40.773828;-73.98447220000001;4.0;Manhattan;40.7896239;-73.9598939;['40.6839411', '40.8804489', '-74.0472219', '-73.9061585']
143;Lincoln Square West;40.773828;-73.990001;4.0;Manhattan;40.7896239;-73.9598939;['40.6839411', '40.8804489', '-74.0472219', '-73.9061585']
144;Little Italy/NoLiTa;40.719;-73.997;4.0;Manhattan;40.7896239;-73.9598939;['40.6839411', '40.8804489', '-74.0472219', '-73.9061585']
145;Long Island City/Hunters Point;40.76;-73.984;2.0;Queens;40.7498243;-73.7976337;['40.5419011', '40.8009249', '-73.9626879', '-73.7001809']
146;Long Island City/Queens Plaza;40.748915000000004;-73.937387;2.0;Queens;40.7498243;-73.7976337;['40.5419011', '40.8009249', '-73.9626879', '-73.7001809']
147;Longwood;40.81509904545822;-73.8957882009446;3.0;Bronx;40.8466508;-73.8785937;['40.7853712', '40.9152598', '-73.9336575', '-73.7653293']
148;Lower East Side;40.71780674892765;-73.98089031999291;4.0;Manhattan;40.7896239;-73.9598939;['40.6839411', '40.8804489', '-74.0472219', '-73.9061585']
149;Madison;40.60937770113766;-73.94841515328893;6.0;Brooklyn;40.6501038;-73.9495823;['40.5700235', '40.7394026', '-74.0419691', '-73.8556336']
150;Manhattan Beach;40.57791350308657;-73.94353722891886;6.0;Brooklyn;40.6501038;-73.9495823;['40.5700235', '40.7394026', '-74.0419691', '-73.8556336']
151;Manhattan Valley;40.797307041702865;-73.96428617740655;4.0;Manhattan;40.7896239;-73.9598939;['40.6839411', '40.8804489', '-74.0472219', '-73.9061585']
152;Manhattanville;40.81693442949779;-73.9573853935188;4.0;Manhattan;40.7896239;-73.9598939;['40.6839411', '40.8804489', '-74.0472219', '-73.9061585']
153;Marble Hill;40.87655077879964;-73.91065965862981;4.0;Manhattan;40.7896239;-73.9598939;['40.6839411', '40.8804489', '-74.0472219', '-73.9061585']
154;Marine Park/Floyd Bennett Field;40.591;73.8906;6.0;Brooklyn;40.6501038;-73.9495823;['40.5700235', '40.7394026', '-74.0419691', '-73.8556336']
155;Marine Park/Mill Basin;40.6044;-73.9024;6.0;Brooklyn;40.6501038;-73.9495823;['40.5700235', '40.7394026', '-74.0419691', '-73.8556336']
156;Mariners Harbor;40.633497466;-74.152999388;5.0;Staten Island;40.5834557;-74.1496048;['40.4960342', '40.6488941', '-74.2556782', '-74.0492521']
157;Maspeth;40.725427374093606;-73.8962171362686;2.0;Queens;40.7498243;-73.7976337;['40.5419011', '40.8009249', '-73.9626879', '-73.7001809']
158;Meatpacking/West Village West;40.740278;-74.00694399999999;4.0;Manhattan;40.7896239;-73.9598939;['40.6839411', '40.8804489', '-74.0472219', '-73.9061585']
159;Melrose South;40.825;-73.91;3.0;Bronx;40.8466508;-73.8785937;['40.7853712', '40.9152598', '-73.9336575', '-73.7653293']
160;Middle Village;40.71641451115819;-73.88114319200605;2.0;Queens;40.7498243;-73.7976337;['40.5419011', '40.8009249', '-73.9626879', '-73.7001809']
161;Midtown Center;40.754932000000004;-73.984016;4.0;Manhattan;40.7896239;-73.9598939;['40.6839411', '40.8804489', '-74.0472219', '-73.9061585']
162;Midtown East;40.754932000000004;-73.980016;4.0;Manhattan;40.7896239;-73.9598939;['40.6839411', '40.8804489', '-74.0472219', '-73.9061585']
163;Midtown North;40.759932;-73.984016;4.0;Manhattan;40.7896239;-73.9598939;['40.6839411', '40.8804489', '-74.0472219', '-73.9061585']
164;Midtown South;40.7485096643122;-73.98871313285247;4.0;Manhattan;40.7896239;-73.9598939;['40.6839411', '40.8804489', '-74.0472219', '-73.9061585']
165;Midwood;40.62559589869843;-73.95759523489838;6.0;Brooklyn;40.6501038;-73.9495823;['40.5700235', '40.7394026', '-74.0419691', '-73.8556336']
166;Morningside Heights;40.807999738165826;-73.96389627905332;4.0;Manhattan;40.7896239;-73.9598939;['40.6839411', '40.8804489', '-74.0472219', '-73.9061585']
167;Morrisania/Melrose;40.832;-73.904;3.0;Bronx;40.8466508;-73.8785937;['40.7853712', '40.9152598', '-73.9336575', '-73.7653293']
168;Mott Haven/Port Morris;40.802;-73.91;3.0;Bronx;40.8466508;-73.8785937;['40.7853712', '40.9152598', '-73.9336575', '-73.7653293']
169;Mount Hope;40.84884160724665;-73.90829930881988;3.0;Bronx;40.8466508;-73.8785937;['40.7853712', '40.9152598', '-73.9336575', '-73.7653293']
170;Murray Hill;40.748303077252174;-73.97833207924127;4.0;Manhattan;40.7896239;-73.9598939;['40.6839411', '40.8804489', '-74.0472219', '-73.9061585']
171;Murray Hill-Queens;40.748000000000005;-73.97800000000001;2.0;Queens;40.7498243;-73.7976337;['40.5419011', '40.8009249', '-73.9626879', '-73.7001809']
172;New Dorp/Midland Beach;40.574;-74.116;5.0;Staten Island;40.5834557;-74.1496048;['40.4960342', '40.6488941', '-74.2556782', '-74.0492521']
173;North Corona;40.7540709990489;-73.85751790676447;2.0;Queens;40.7498243;-73.7976337;['40.5419011', '40.8009249', '-73.9626879', '-73.7001809']
174;Norwood;40.87722415599446;-73.8793907395681;3.0;Bronx;40.8466508;-73.8785937;['40.7853712', '40.9152598', '-73.9336575', '-73.7653293']
175;Oakland Gardens;40.74561857141855;-73.75494976234332;2.0;Queens;40.7498243;-73.7976337;['40.5419011', '40.8009249', '-73.9626879', '-73.7001809']
176;Oakwood;40.5584622432888;-74.12156593771896;5.0;Staten Island;40.5834557;-74.1496048;['40.4960342', '40.6488941', '-74.2556782', '-74.0492521']
177;Ocean Hill;40.67840255479536;-73.91306831787395;6.0;Brooklyn;40.6501038;-73.9495823;['40.5700235', '40.7394026', '-74.0419691', '-73.8556336']
178;Ocean Parkway South;40.615517100000005;-73.9691194;6.0;Brooklyn;40.6501038;-73.9495823;['40.5700235', '40.7394026', '-74.0419691', '-73.8556336']
179;Old Astoria;40.766999999999996;-73.921;2.0;Queens;40.7498243;-73.7976337;['40.5419011', '40.8009249', '-73.9626879', '-73.7001809']
180;Ozone Park;40.680708468265415;-73.84320266173447;2.0;Queens;40.7498243;-73.7976337;['40.5419011', '40.8009249', '-73.9626879', '-73.7001809']
181;Park Slope;40.67232052268197;-73.97705030183924;6.0;Brooklyn;40.6501038;-73.9495823;['40.5700235', '40.7394026', '-74.0419691', '-73.8556336']
182;Parkchester;40.83793782226729;-73.85600310535783;3.0;Bronx;40.8466508;-73.8785937;['40.7853712', '40.9152598', '-73.9336575', '-73.7653293']
183;Pelham Bay;40.85064140940335;-73.8320737824047;3.0;Bronx;40.8466508;-73.8785937;['40.7853712', '40.9152598', '-73.9336575', '-73.7653293']
184;Pelham Bay Park;40.865556;-73.80833299999999;3.0;Bronx;40.8466508;-73.8785937;['40.7853712', '40.9152598', '-73.9336575', '-73.7653293']
185;Pelham Parkway;40.857413498088654;-73.85475564017999;3.0;Bronx;40.8466508;-73.8785937;['40.7853712', '40.9152598', '-73.9336575', '-73.7653293']
186;Penn Station/Madison Sq West;40.750556;-73.993889;4.0;Manhattan;40.7896239;-73.9598939;['40.6839411', '40.8804489', '-74.0472219', '-73.9061585']
187;Port Richmond;40.63366930554365;-74.12943426797007;5.0;Staten Island;40.5834557;-74.1496048;['40.4960342', '40.6488941', '-74.2556782', '-74.0492521']
188;Prospect-Lefferts Gardens;40.66;-73.95;6.0;Brooklyn;40.6501038;-73.9495823;['40.5700235', '40.7394026', '-74.0419691', '-73.8556336']
189;Prospect Heights;40.67682226225472;-73.9648592426269;6.0;Brooklyn;40.6501038;-73.9495823;['40.5700235', '40.7394026', '-74.0419691', '-73.8556336']
190;Prospect Park;40.646111;-73.96722199999999;6.0;Brooklyn;40.6501038;-73.9495823;['40.5700235', '40.7394026', '-74.0419691', '-73.8556336']
191;Queens Village;40.718893092167356;-73.73871484578423;2.0;Queens;40.7498243;-73.7976337;['40.5419011', '40.8009249', '-73.9626879', '-73.7001809']
192;Queensboro Hill;40.7445723092867;-73.82580915110559;2.0;Queens;40.7498243;-73.7976337;['40.5419011', '40.8009249', '-73.9626879', '-73.7001809']
193;Queensbridge/Ravenswood;40.755;-73.945;2.0;Queens;40.7498243;-73.7976337;['40.5419011', '40.8009249', '-73.9626879', '-73.7001809']
194;Randalls Island;40.7875;-73.925278;4.0;Manhattan;40.7896239;-73.9598939;['40.6839411', '40.8804489', '-74.0472219', '-73.9061585']
195;Red Hook;40.67625323025089;-74.01275897473559;6.0;Brooklyn;40.6501038;-73.9495823;['40.5700235', '40.7394026', '-74.0419691', '-73.8556336']
196;Rego Park;40.728974094807356;-73.85782686905371;2.0;Queens;40.7498243;-73.7976337;['40.5419011', '40.8009249', '-73.9626879', '-73.7001809']
197;Richmond Hill;40.69794731471763;-73.83183321446889;2.0;Queens;40.7498243;-73.7976337;['40.5419011', '40.8009249', '-73.9626879', '-73.7001809']
198;Ridgewood;40.708323156138576;-73.90143517559589;2.0;Queens;40.7498243;-73.7976337;['40.5419011', '40.8009249', '-73.9626879', '-73.7001809']
199;Rikers Island;40.791111;-73.882778;3.0;Bronx;40.8466508;-73.8785937;['40.7853712', '40.9152598', '-73.9336575', '-73.7653293']
200;Riverdale/North Riverdale/Fieldston;40.894;-73.903;3.0;Bronx;40.8466508;-73.8785937;['40.7853712', '40.9152598', '-73.9336575', '-73.7653293']
201;Rockaway Park;40.58034295646131;-73.84153370226186;2.0;Queens;40.7498243;-73.7976337;['40.5419011', '40.8009249', '-73.9626879', '-73.7001809']
202;Roosevelt Island;40.76215960576283;-73.94916769227953;4.0;Manhattan;40.7896239;-73.9598939;['40.6839411', '40.8804489', '-74.0472219', '-73.9061585']
203;Rosedale;40.65981643342808;-73.73526079428278;2.0;Queens;40.7498243;-73.7976337;['40.5419011', '40.8009249', '-73.9626879', '-73.7001809']
204;Rossville/Woodrow;40.543333000000004;-74.197222;5.0;Staten Island;40.5834557;-74.1496048;['40.4960342', '40.6488941', '-74.2556782', '-74.0492521']
205;Saint Albans;40.69;-73.765;2.0;Queens;40.7498243;-73.7976337;['40.5419011', '40.8009249', '-73.9626879', '-73.7001809']
206;Saint George/New Brighton;40.638830778;-74.08933297600001;5.0;Staten Island;40.5834557;-74.1496048;['40.4960342', '40.6488941', '-74.2556782', '-74.0492521']
207;Saint Michaels Cemetery/Woodside;40.7648;-73.899;2.0;Queens;40.7498243;-73.7976337;['40.5419011', '40.8009249', '-73.9626879', '-73.7001809']
208;Schuylerville/Edgewater Park;40.835;-73.833;3.0;Bronx;40.8466508;-73.8785937;['40.7853712', '40.9152598', '-73.9336575', '-73.7653293']
209;Seaport;40.706111;-74.003333;4.0;Manhattan;40.7896239;-73.9598939;['40.6839411', '40.8804489', '-74.0472219', '-73.9061585']
210;Sheepshead Bay;40.58689012678384;-73.9431864048298;6.0;Brooklyn;40.6501038;-73.9495823;['40.5700235', '40.7394026', '-74.0419691', '-73.8556336']
211;SoHo;40.723;-74.0;4.0;Manhattan;40.7896239;-73.9598939;['40.6839411', '40.8804489', '-74.0472219', '-73.9061585']
212;Soundview/Bruckner;40.805656400000004;-73.8495822;3.0;Bronx;40.8466508;-73.8785937;['40.7853712', '40.9152598', '-73.9336575', '-73.7653293']
213;Soundview/Castle Hill;40.819;-73.85;3.0;Bronx;40.8466508;-73.8785937;['40.7853712', '40.9152598', '-73.9336575', '-73.7653293']
214;South Beach/Dongan Hills;40.589;-74.096;5.0;Staten Island;40.5834557;-74.1496048;['40.4960342', '40.6488941', '-74.2556782', '-74.0492521']
215;South Jamaica;40.69691125378989;-73.7904261313554;2.0;Queens;40.7498243;-73.7976337;['40.5419011', '40.8009249', '-73.9626879', '-73.7001809']
216;South Ozone Park;40.66854957767195;-73.80986478649041;2.0;Queens;40.7498243;-73.7976337;['40.5419011', '40.8009249', '-73.9626879', '-73.7001809']
217;South Williamsburg;40.71;-73.96;6.0;Brooklyn;40.6501038;-73.9495823;['40.5700235', '40.7394026', '-74.0419691', '-73.8556336']
218;Springfield Gardens North;40.676;-73.774;2.0;Queens;40.7498243;-73.7976337;['40.5419011', '40.8009249', '-73.9626879', '-73.7001809']
219;Springfield Gardens South;40.66;-73.77;2.0;Queens;40.7498243;-73.7976337;['40.5419011', '40.8009249', '-73.9626879', '-73.7001809']
220;Spuyten Duyvil/Kingsbridge;40.881;-73.917;3.0;Bronx;40.8466508;-73.8785937;['40.7853712', '40.9152598', '-73.9336575', '-73.7653293']
221;Stapleton;40.626927625381754;-74.07790192660066;5.0;Staten Island;40.5834557;-74.1496048;['40.4960342', '40.6488941', '-74.2556782', '-74.0492521']
222;Starrett City;40.64758905230874;-73.87936970045875;6.0;Brooklyn;40.6501038;-73.9495823;['40.5700235', '40.7394026', '-74.0419691', '-73.8556336']
223;Steinway;40.7759230156429;-73.90228960391673;2.0;Queens;40.7498243;-73.7976337;['40.5419011', '40.8009249', '-73.9626879', '-73.7001809']
224;Stuy Town/Peter Cooper Village;40.732;-73.97800000000001;4.0;Manhattan;40.7896239;-73.9598939;['40.6839411', '40.8804489', '-74.0472219', '-73.9061585']
225;Stuyvesant Heights;40.687;-73.941;6.0;Brooklyn;40.6501038;-73.9495823;['40.5700235', '40.7394026', '-74.0419691', '-73.8556336']
226;Sunnyside;40.74017628351925;-73.92691617561577;2.0;Queens;40.7498243;-73.7976337;['40.5419011', '40.8009249', '-73.9626879', '-73.7001809']
227;Sunset Park East;40.643333;-74.014444;6.0;Brooklyn;40.6501038;-73.9495823;['40.5700235', '40.7394026', '-74.0419691', '-73.8556336']
228;Sunset Park West;40.643333;-74.01644399999999;6.0;Brooklyn;40.6501038;-73.9495823;['40.5700235', '40.7394026', '-74.0419691', '-73.8556336']
229;Sutton Place/Turtle Bay North;40.758719;-73.960942;4.0;Manhattan;40.7896239;-73.9598939;['40.6839411', '40.8804489', '-74.0472219', '-73.9061585']
230;Times Sq/Theatre District;40.758213;-73.985935;4.0;Manhattan;40.7896239;-73.9598939;['40.6839411', '40.8804489', '-74.0472219', '-73.9061585']
231;TriBeCa/Civic Center;40.714027;-74.00298599999999;4.0;Manhattan;40.7896239;-73.9598939;['40.6839411', '40.8804489', '-74.0472219', '-73.9061585']
232;Two Bridges/Seward Park;40.714960999999995;-73.989508;4.0;Manhattan;40.7896239;-73.9598939;['40.6839411', '40.8804489', '-74.0472219', '-73.9061585']
233;UN/Turtle Bay South;40.749371999999994;-73.9689;4.0;Manhattan;40.7896239;-73.9598939;['40.6839411', '40.8804489', '-74.0472219', '-73.9061585']
234;Union Sq;40.736186;-73.989343;4.0;Manhattan;40.7896239;-73.9598939;['40.6839411', '40.8804489', '-74.0472219', '-73.9061585']
235;University Heights/Morris Heights;40.818843;-73.910803;3.0;Bronx;40.8466508;-73.8785937;['40.7853712', '40.9152598', '-73.9336575', '-73.7653293']
236;Upper East Side North;40.776513;-73.95581999999999;4.0;Manhattan;40.7896239;-73.9598939;['40.6839411', '40.8804489', '-74.0472219', '-73.9061585']
237;Upper East Side South;40.769365;-73.959526;4.0;Manhattan;40.7896239;-73.9598939;['40.6839411', '40.8804489', '-74.0472219', '-73.9061585']
238;Upper West Side North;40.792691999999995;-73.973139;4.0;Manhattan;40.7896239;-73.9598939;['40.6839411', '40.8804489', '-74.0472219', '-73.9061585']
239;Upper West Side South;40.781929;-73.979314;4.0;Manhattan;40.7896239;-73.9598939;['40.6839411', '40.8804489', '-74.0472219', '-73.9061585']
240;Van Cortlandt Park;40.88961;-73.888025;3.0;Bronx;40.8466508;-73.8785937;['40.7853712', '40.9152598', '-73.9336575', '-73.7653293']
241;Van Cortlandt Village;40.884793;-73.89395999999999;3.0;Bronx;40.8466508;-73.8785937;['40.7853712', '40.9152598', '-73.9336575', '-73.7653293']
242;Van Nest/Morris Park;40.850993;-73.84734399999999;3.0;Bronx;40.8466508;-73.8785937;['40.7853712', '40.9152598', '-73.9336575', '-73.7653293']
243;Washington Heights North;40.847473;-73.936635;4.0;Manhattan;40.7896239;-73.9598939;['40.6839411', '40.8804489', '-74.0472219', '-73.9061585']
244;Washington Heights South;40.832114000000004;-73.942871;4.0;Manhattan;40.7896239;-73.9598939;['40.6839411', '40.8804489', '-74.0472219', '-73.9061585']
245;West Brighton;40.631878926546065;-74.1071817826561;5.0;Staten Island;40.5834557;-74.1496048;['40.4960342', '40.6488941', '-74.2556782', '-74.0492521']
246;West Chelsea/Hudson Yards;40.751957;-74.00104;4.0;Manhattan;40.7896239;-73.9598939;['40.6839411', '40.8804489', '-74.0472219', '-73.9061585']
247;West Concourse;40.82983;-73.921203;3.0;Bronx;40.8466508;-73.8785937;['40.7853712', '40.9152598', '-73.9336575', '-73.7653293']
248;West Farms/Bronx River;40.842283;-73.876941;3.0;Bronx;40.8466508;-73.8785937;['40.7853712', '40.9152598', '-73.9336575', '-73.7653293']
249;West Village;40.734433935724354;-74.00617998126813;4.0;Manhattan;40.7896239;-73.9598939;['40.6839411', '40.8804489', '-74.0472219', '-73.9061585']
250;Westchester Village/Unionport;40.834539;-73.84877;3.0;Bronx;40.8466508;-73.8785937;['40.7853712', '40.9152598', '-73.9336575', '-73.7653293']
251;Westerleigh;40.62109047275409;-74.13304143951704;5.0;Staten Island;40.5834557;-74.1496048;['40.4960342', '40.6488941', '-74.2556782', '-74.0492521']
252;Whitestone;40.781290766026935;-73.81420216610863;2.0;Queens;40.7498243;-73.7976337;['40.5419011', '40.8009249', '-73.9626879', '-73.7001809']
253;Willets Point;40.760465;-73.843027;2.0;Queens;40.7498243;-73.7976337;['40.5419011', '40.8009249', '-73.9626879', '-73.7001809']
254;Williamsbridge/Olinville;40.878698;-73.858766;3.0;Bronx;40.8466508;-73.8785937;['40.7853712', '40.9152598', '-73.9336575', '-73.7653293']
255;Williamsburg (North Side);40.709944;-73.957595;6.0;Brooklyn;40.6501038;-73.9495823;['40.5700235', '40.7394026', '-74.0419691', '-73.8556336']
256;Williamsburg (South Side);40.706656;-73.957464;6.0;Brooklyn;40.6501038;-73.9495823;['40.5700235', '40.7394026', '-74.0419691', '-73.8556336']
257;Windsor Terrace;40.65694583575104;-73.98007340430172;6.0;Brooklyn;40.6501038;-73.9495823;['40.5700235', '40.7394026', '-74.0419691', '-73.8556336']
258;Woodhaven;40.68988687915789;-73.8581104655432;2.0;Queens;40.7498243;-73.7976337;['40.5419011', '40.8009249', '-73.9626879', '-73.7001809']
259;Woodlawn/Wakefield;40.895590000000006;-73.856107;3.0;Bronx;40.8466508;-73.8785937;['40.7853712', '40.9152598', '-73.9336575', '-73.7653293']
260;Woodside;40.746349088602216;-73.90184166;2.0;Queens;40.7498243;-73.7976337;['40.5419011', '40.8009249', '-73.9626879', '-73.7001809']
261;World Trade Center;40.712371999999995;-74.013687;4.0;Manhattan;40.7896239;-73.9598939;['40.6839411', '40.8804489', '-74.0472219', '-73.9061585']
262;Yorkville East;40.778058;-73.952033;4.0;Manhattan;40.7896239;-73.9598939;['40.6839411', '40.8804489', '-74.0472219', '-73.9061585']
263;Yorkville West;40.775775;-73.947216;4.0;Manhattan;40.7896239;-73.9598939;['40.6839411', '40.8804489', '-74.0472219', '-73.9061585']
264;Unknown;40.748135999999995;-73.984872;0.0;Unknown;0.0;0.0;0.0
265;Unknown;40.748490000000004;-73.98685400000001;0.0;Unknown;0.0;0.0;0.0